{
 "allow_copy": 0,
 "allow_events_in_timeline": 0,
 "allow_guest_to_view": 0,
 "allow_import": 0,
 "allow_rename": 0,
 "beta": 0,
 "creation": "2019-04-16 10:01:05.259881",
 "custom": 0,
 "docstatus": 0,
 "doctype": "DocType",
 "document_type": "",
 "editable_grid": 1,
 "engine": "InnoDB",
 "fields": [
  {
   "allow_bulk_edit": 0,
   "allow_in_quick_entry": 0,
   "allow_on_submit": 0,
   "bold": 0,
   "collapsible": 0,
   "columns": 0,
   "fetch_if_empty": 0,
   "fieldname": "skill",
   "fieldtype": "Link",
   "hidden": 0,
   "ignore_user_permissions": 0,
   "ignore_xss_filter": 0,
   "in_filter": 0,
   "in_global_search": 0,
   "in_list_view": 1,
   "in_standard_filter": 0,
   "label": "Skill",
   "length": 0,
   "no_copy": 0,
   "options": "Skill",
   "permlevel": 0,
   "precision": "",
   "print_hide": 0,
   "print_hide_if_no_value": 0,
   "read_only": 0,
   "remember_last_selected_value": 0,
   "report_hide": 0,
   "reqd": 0,
   "search_index": 0,
   "set_only_once": 0,
   "translatable": 0,
   "unique": 0
  }
 ],
 "has_web_view": 0,
 "hide_toolbar": 0,
 "idx": 0,
 "in_create": 0,
 "is_submittable": 0,
 "issingle": 0,
 "istable": 1,
 "max_attachments": 0,
 "modified": "2019-04-16 13:42:10.760449",
 "modified_by": "Administrator",
 "module": "HR",
 "name": "Designation Skill",
 "name_case": "",
 "owner": "Administrator",
 "permissions": [],
 "quick_entry": 1,
 "read_only": 0,
 "show_name_in_global_search": 0,
 "sort_field": "modified",
 "sort_order": "ASC",
 "track_changes": 1,
 "track_seen": 0,
 "track_views": 0
}