{
 "creation": "2018-05-09 05:37:18.439763",
 "doctype": "DocType",
 "editable_grid": 1,
 "engine": "InnoDB",
 "field_order": [
  "activity_name",
  "user",
  "role",
  "column_break_3",
  "task",
  "task_weight",
  "required_for_employee_creation",
  "section_break_6",
  "description"
 ],
 "fields": [
  {
   "fieldname": "activity_name",
   "fieldtype": "Data",
   "in_list_view": 1,
   "label": "Activity Name"
  },
  {
   "fieldname": "user",
   "fieldtype": "Link",
   "in_list_view": 1,
   "label": "User",
   "options": "User"
  },
  {
   "fieldname": "role",
   "fieldtype": "Link",
   "in_list_view": 1,
   "label": "Role",
   "options": "Role"
  },
  {
   "fieldname": "column_break_3",
   "fieldtype": "Column Break"
  },
  {
   "fieldname": "task",
   "fieldtype": "Link",
   "label": "Task",
   "no_copy": 1,
   "options": "Task",
   "read_only": 1
  },
  {
   "fieldname": "task_weight",
   "fieldtype": "Float",
   "label": "Task Weight"
  },
  {
   "default": "0",
   "description": "Applicable in the case of Employee Onboarding",
   "fieldname": "required_for_employee_creation",
   "fieldtype": "Check",
   "label": "Required for Employee Creation"
  },
  {
   "fieldname": "section_break_6",
   "fieldtype": "Section Break"
  },
  {
   "fieldname": "description",
   "fieldtype": "Text Editor",
   "label": "Description"
  }
 ],
 "istable": 1,
 "modified": "2019-06-03 19:22:42.965762",
 "modified_by": "Administrator",
 "module": "HR",
 "name": "Employee Boarding Activity",
 "owner": "Administrator",
 "permissions": [],
 "quick_entry": 1,
 "sort_field": "modified",
 "sort_order": "DESC",
 "track_changes": 1
}