{
 "allow_copy": 0, 
 "allow_events_in_timeline": 0, 
 "allow_guest_to_view": 0, 
 "allow_import": 0, 
 "allow_rename": 0, 
 "beta": 0, 
 "creation": "2016-06-30 15:32:36.385111", 
 "custom": 0, 
 "docstatus": 0, 
 "doctype": "DocType", 
 "document_type": "", 
 "editable_grid": 1, 
 "fields": [
  {
   "allow_bulk_edit": 0, 
   "allow_in_quick_entry": 0, 
   "allow_on_submit": 0, 
   "bold": 0, 
   "collapsible": 0, 
   "columns": 0, 
   "fetch_if_empty": 0, 
   "fieldname": "salary_component", 
   "fieldtype": "Link", 
   "hidden": 0, 
   "ignore_user_permissions": 0, 
   "ignore_xss_filter": 0, 
   "in_filter": 0, 
   "in_global_search": 0, 
   "in_list_view": 1, 
   "in_standard_filter": 0, 
   "label": "Component", 
   "length": 0, 
   "no_copy": 0, 
   "options": "Salary Component", 
   "permlevel": 0, 
   "precision": "", 
   "print_hide": 0, 
   "print_hide_if_no_value": 0, 
   "read_only": 0, 
   "remember_last_selected_value": 0, 
   "report_hide": 0, 
   "reqd": 1, 
   "search_index": 0, 
   "set_only_once": 0, 
   "translatable": 0, 
   "unique": 0
  }, 
  {
   "allow_bulk_edit": 0, 
   "allow_in_quick_entry": 0, 
   "allow_on_submit": 0, 
   "bold": 0, 
   "collapsible": 0, 
   "columns": 1, 
   "default": "", 
   "depends_on": "eval:doc.parenttype=='Salary Structure'", 
   "fetch_from": "salary_component.salary_component_abbr", 
   "fetch_if_empty": 0, 
   "fieldname": "abbr", 
   "fieldtype": "Data", 
   "hidden": 0, 
   "ignore_user_permissions": 0, 
   "ignore_xss_filter": 0, 
   "in_filter": 0, 
   "in_global_search": 0, 
   "in_list_view": 1, 
   "in_standard_filter": 0, 
   "label": "Abbr", 
   "length": 0, 
   "no_copy": 0, 
   "options": "", 
   "permlevel": 0, 
   "precision": "", 
   "print_hide": 1, 
   "print_hide_if_no_value": 0, 
   "read_only": 1, 
   "remember_last_selected_value": 0, 
   "report_hide": 0, 
   "reqd": 0, 
   "search_index": 0, 
   "set_only_once": 0, 
   "translatable": 0, 
   "unique": 0
  }, 
  {
   "allow_bulk_edit": 0, 
   "allow_in_quick_entry": 0, 
   "allow_on_submit": 0, 
   "bold": 0, 
   "collapsible": 0, 
   "columns": 0, 
   "fetch_if_empty": 0, 
   "fieldname": "column_break_3", 
   "fieldtype": "Column Break", 
   "hidden": 0, 
   "ignore_user_permissions": 0, 
   "ignore_xss_filter": 0, 
   "in_filter": 0, 
   "in_global_search": 0, 
   "in_list_view": 0, 
   "in_standard_filter": 0, 
   "length": 0, 
   "no_copy": 0, 
   "permlevel": 0, 
   "precision": "", 
   "print_hide": 0, 
   "print_hide_if_no_value": 0, 
   "read_only": 0, 
   "remember_last_selected_value": 0, 
   "report_hide": 0, 
   "reqd": 0, 
   "search_index": 0, 
   "set_only_once": 0, 
   "translatable": 0, 
   "unique": 0
  }, 
  {
   "allow_bulk_edit": 0, 
   "allow_in_quick_entry": 0, 
   "allow_on_submit": 0, 
   "bold": 0, 
   "collapsible": 0, 
   "columns": 0, 
   "description": "If selected, the value specified or calculated in this component will not contribute to the earnings or deductions. However, it's value can be referenced by other components that can be added or deducted. ", 
   "fetch_from": "salary_component.statistical_component", 
   "fetch_if_empty": 0, 
   "fieldname": "statistical_component", 
   "fieldtype": "Check", 
   "hidden": 0, 
   "ignore_user_permissions": 0, 
   "ignore_xss_filter": 0, 
   "in_filter": 0, 
   "in_global_search": 0, 
   "in_list_view": 1, 
   "in_standard_filter": 0, 
   "label": "Statistical Component", 
   "length": 0, 
   "no_copy": 0, 
   "permlevel": 0, 
   "precision": "", 
   "print_hide": 0, 
   "print_hide_if_no_value": 0, 
   "read_only": 0, 
   "remember_last_selected_value": 0, 
   "report_hide": 0, 
   "reqd": 0, 
   "search_index": 0, 
   "set_only_once": 0, 
   "translatable": 0, 
   "unique": 0
  }, 
  {
   "allow_bulk_edit": 0, 
   "allow_in_quick_entry": 0, 
   "allow_on_submit": 0, 
   "bold": 0, 
   "collapsible": 0, 
   "columns": 0, 
   "fetch_from": "salary_component.is_tax_applicable", 
   "fetch_if_empty": 0, 
   "fieldname": "is_tax_applicable", 
   "fieldtype": "Check", 
   "hidden": 0, 
   "ignore_user_permissions": 0, 
   "ignore_xss_filter": 0, 
   "in_filter": 0, 
   "in_global_search": 0, 
   "in_list_view": 0, 
   "in_standard_filter": 0, 
   "label": "Is Tax Applicable", 
   "length": 0, 
   "no_copy": 0, 
   "permlevel": 0, 
   "precision": "", 
   "print_hide": 1, 
   "print_hide_if_no_value": 0, 
   "read_only": 1, 
   "remember_last_selected_value": 0, 
   "report_hide": 0, 
   "reqd": 0, 
   "search_index": 0, 
   "set_only_once": 0, 
   "translatable": 0, 
   "unique": 0
  }, 
  {
   "allow_bulk_edit": 0, 
   "allow_in_quick_entry": 0, 
   "allow_on_submit": 0, 
   "bold": 0, 
   "collapsible": 0, 
   "columns": 0, 
   "fetch_from": "salary_component.is_flexible_benefit", 
   "fetch_if_empty": 0, 
   "fieldname": "is_flexible_benefit", 
   "fieldtype": "Check", 
   "hidden": 0, 
   "ignore_user_permissions": 0, 
   "ignore_xss_filter": 0, 
   "in_filter": 0, 
   "in_global_search": 0, 
   "in_list_view": 0, 
   "in_standard_filter": 0, 
   "label": "Is Flexible Benefit", 
   "length": 0, 
   "no_copy": 0, 
   "permlevel": 0, 
   "precision": "", 
   "print_hide": 1, 
   "print_hide_if_no_value": 0, 
   "read_only": 1, 
   "remember_last_selected_value": 0, 
   "report_hide": 0, 
   "reqd": 0, 
   "search_index": 0, 
   "set_only_once": 0, 
   "translatable": 0, 
   "unique": 0
  }, 
  {
   "allow_bulk_edit": 0, 
   "allow_in_quick_entry": 0, 
   "allow_on_submit": 0, 
   "bold": 0, 
   "collapsible": 0, 
   "columns": 0, 
   "default": "", 
   "fetch_from": "salary_component.variable_based_on_taxable_salary", 
   "fetch_if_empty": 0, 
   "fieldname": "variable_based_on_taxable_salary", 
   "fieldtype": "Check", 
   "hidden": 0, 
   "ignore_user_permissions": 0, 
   "ignore_xss_filter": 0, 
   "in_filter": 0, 
   "in_global_search": 0, 
   "in_list_view": 0, 
   "in_standard_filter": 0, 
   "label": "Variable Based On Taxable Salary", 
   "length": 0, 
   "no_copy": 0, 
   "permlevel": 0, 
   "precision": "", 
   "print_hide": 1, 
   "print_hide_if_no_value": 0, 
   "read_only": 1, 
   "remember_last_selected_value": 0, 
   "report_hide": 0, 
   "reqd": 0, 
   "search_index": 0, 
   "set_only_once": 0, 
   "translatable": 0, 
   "unique": 0
  }, 
  {
   "allow_bulk_edit": 0, 
   "allow_in_quick_entry": 0, 
   "allow_on_submit": 0, 
   "bold": 0, 
   "collapsible": 0, 
   "columns": 0, 
   "depends_on": "", 
   "fetch_from": "salary_component.depends_on_payment_days", 
   "fetch_if_empty": 0, 
   "fieldname": "depends_on_payment_days", 
   "fieldtype": "Check", 
   "hidden": 0, 
   "ignore_user_permissions": 0, 
   "ignore_xss_filter": 0, 
   "in_filter": 0, 
   "in_global_search": 0, 
   "in_list_view": 0, 
   "in_standard_filter": 0, 
   "label": "Depends on Payment Days", 
   "length": 0, 
   "no_copy": 0, 
   "permlevel": 0, 
   "precision": "", 
   "print_hide": 1, 
   "print_hide_if_no_value": 0, 
   "read_only": 1, 
   "remember_last_selected_value": 0, 
   "report_hide": 0, 
   "reqd": 0, 
   "search_index": 0, 
   "set_only_once": 0, 
   "translatable": 0, 
   "unique": 0
  }, 
  {
   "allow_bulk_edit": 0, 
   "allow_in_quick_entry": 0, 
   "allow_on_submit": 0, 
   "bold": 0, 
   "collapsible": 0, 
   "columns": 0, 
   "fetch_if_empty": 0, 
   "fieldname": "deduct_full_tax_on_selected_payroll_date", 
   "fieldtype": "Check", 
   "hidden": 0, 
   "ignore_user_permissions": 0, 
   "ignore_xss_filter": 0, 
   "in_filter": 0, 
   "in_global_search": 0, 
   "in_list_view": 0, 
   "in_standard_filter": 0, 
   "label": "Deduct Full Tax on Selected Payroll Date", 
   "length": 0, 
   "no_copy": 0, 
   "permlevel": 0, 
   "precision": "", 
   "print_hide": 1, 
   "print_hide_if_no_value": 0, 
   "read_only": 1, 
   "remember_last_selected_value": 0, 
   "report_hide": 0, 
   "reqd": 0, 
   "search_index": 0, 
   "set_only_once": 0, 
   "translatable": 0, 
   "unique": 0
  }, 
  {
   "allow_bulk_edit": 0, 
   "allow_in_quick_entry": 0, 
   "allow_on_submit": 0, 
   "bold": 0, 
   "collapsible": 0, 
   "columns": 0, 
   "depends_on": "eval:doc.is_flexible_benefit != 1", 
   "fetch_if_empty": 0, 
   "fieldname": "section_break_2", 
   "fieldtype": "Section Break", 
   "hidden": 0, 
   "ignore_user_permissions": 0, 
   "ignore_xss_filter": 0, 
   "in_filter": 0, 
   "in_global_search": 0, 
   "in_list_view": 0, 
   "in_standard_filter": 0, 
   "length": 0, 
   "no_copy": 0, 
   "permlevel": 0, 
   "precision": "", 
   "print_hide": 0, 
   "print_hide_if_no_value": 0, 
   "read_only": 0, 
   "remember_last_selected_value": 0, 
   "report_hide": 0, 
   "reqd": 0, 
   "search_index": 0, 
   "set_only_once": 0, 
   "translatable": 0, 
   "unique": 0
  }, 
  {
   "allow_bulk_edit": 0, 
   "allow_in_quick_entry": 0, 
   "allow_on_submit": 1, 
   "bold": 0, 
   "collapsible": 0, 
   "columns": 0, 
   "depends_on": "eval:doc.parenttype=='Salary Structure'", 
   "fetch_if_empty": 0, 
   "fieldname": "condition", 
   "fieldtype": "Code", 
   "hidden": 0, 
   "ignore_user_permissions": 0, 
   "ignore_xss_filter": 0, 
   "in_filter": 0, 
   "in_global_search": 0, 
   "in_list_view": 0, 
   "in_standard_filter": 0, 
   "label": "Condition", 
   "length": 0, 
   "no_copy": 0, 
   "permlevel": 0, 
   "precision": "", 
   "print_hide": 0, 
   "print_hide_if_no_value": 0, 
   "read_only": 0, 
   "remember_last_selected_value": 0, 
   "report_hide": 0, 
   "reqd": 0, 
   "search_index": 0, 
   "set_only_once": 0, 
   "translatable": 0, 
   "unique": 0
  }, 
  {
   "allow_bulk_edit": 0, 
   "allow_in_quick_entry": 0, 
   "allow_on_submit": 0, 
   "bold": 0, 
   "collapsible": 0, 
   "columns": 0, 
   "default": "0", 
   "depends_on": "eval:doc.parenttype=='Salary Structure'", 
   "fetch_from": "", 
   "fetch_if_empty": 0, 
   "fieldname": "amount_based_on_formula", 
   "fieldtype": "Check", 
   "hidden": 0, 
   "ignore_user_permissions": 0, 
   "ignore_xss_filter": 0, 
   "in_filter": 0, 
   "in_global_search": 0, 
   "in_list_view": 0, 
   "in_standard_filter": 0, 
   "label": "Amount based on formula", 
   "length": 0, 
   "no_copy": 0, 
   "options": "", 
   "permlevel": 0, 
   "precision": "", 
   "print_hide": 0, 
   "print_hide_if_no_value": 0, 
   "read_only": 0, 
   "remember_last_selected_value": 0, 
   "report_hide": 0, 
   "reqd": 0, 
   "search_index": 0, 
   "set_only_once": 0, 
   "translatable": 0, 
   "unique": 0
  }, 
  {
   "allow_bulk_edit": 0, 
   "allow_in_quick_entry": 0, 
   "allow_on_submit": 1, 
   "bold": 0, 
   "collapsible": 0, 
   "columns": 0, 
   "default": "", 
   "depends_on": "eval:doc.amount_based_on_formula!==0 && doc.parenttype==='Salary Structure'", 
   "description": "", 
   "fetch_if_empty": 0, 
   "fieldname": "formula", 
   "fieldtype": "Code", 
   "hidden": 0, 
   "ignore_user_permissions": 0, 
   "ignore_xss_filter": 0, 
   "in_filter": 0, 
   "in_global_search": 0, 
   "in_list_view": 1, 
   "in_standard_filter": 0, 
   "label": "Formula", 
   "length": 0, 
   "no_copy": 0, 
   "permlevel": 0, 
   "precision": "", 
   "print_hide": 0, 
   "print_hide_if_no_value": 0, 
   "read_only": 0, 
   "remember_last_selected_value": 0, 
   "report_hide": 0, 
   "reqd": 0, 
   "search_index": 0, 
   "set_only_once": 0, 
   "translatable": 0, 
   "unique": 0
  }, 
  {
   "allow_bulk_edit": 0, 
   "allow_in_quick_entry": 0, 
   "allow_on_submit": 0, 
   "bold": 0, 
   "collapsible": 0, 
   "columns": 0, 
   "depends_on": "eval:doc.amount_based_on_formula!==1 || doc.parenttype==='Salary Slip'", 
   "fetch_if_empty": 0, 
   "fieldname": "amount", 
   "fieldtype": "Currency", 
   "hidden": 0, 
   "ignore_user_permissions": 0, 
   "ignore_xss_filter": 0, 
   "in_filter": 0, 
   "in_global_search": 0, 
   "in_list_view": 1, 
   "in_standard_filter": 0, 
   "label": "Amount", 
   "length": 0, 
   "no_copy": 0, 
   "options": "Company:company:default_currency", 
   "permlevel": 0, 
   "precision": "", 
   "print_hide": 0, 
   "print_hide_if_no_value": 0, 
   "read_only": 0, 
   "remember_last_selected_value": 0, 
   "report_hide": 0, 
   "reqd": 0, 
   "search_index": 0, 
   "set_only_once": 0, 
   "translatable": 0, 
   "unique": 0
  }, 
  {
   "allow_bulk_edit": 0, 
   "allow_in_quick_entry": 0, 
   "allow_on_submit": 0, 
   "bold": 0, 
   "collapsible": 0, 
   "columns": 0, 
   "fetch_if_empty": 0, 
   "fieldname": "do_not_include_in_total", 
   "fieldtype": "Check", 
   "hidden": 0, 
   "ignore_user_permissions": 0, 
   "ignore_xss_filter": 0, 
   "in_filter": 0, 
   "in_global_search": 0, 
   "in_list_view": 0, 
   "in_standard_filter": 0, 
   "label": "Do not include in total", 
   "length": 0, 
   "no_copy": 0, 
   "permlevel": 0, 
   "precision": "", 
   "print_hide": 0, 
   "print_hide_if_no_value": 0, 
   "read_only": 0, 
   "remember_last_selected_value": 0, 
   "report_hide": 0, 
   "reqd": 0, 
   "search_index": 0, 
   "set_only_once": 0, 
   "translatable": 0, 
   "unique": 0
  }, 
  {
   "allow_bulk_edit": 0, 
   "allow_in_quick_entry": 0, 
   "allow_on_submit": 0, 
   "bold": 0, 
   "collapsible": 0, 
   "columns": 0, 
   "depends_on": "eval:doc.parenttype=='Salary Structure'", 
   "fetch_if_empty": 0, 
   "fieldname": "default_amount", 
   "fieldtype": "Currency", 
   "hidden": 0, 
   "ignore_user_permissions": 0, 
   "ignore_xss_filter": 0, 
   "in_filter": 0, 
   "in_global_search": 0, 
   "in_list_view": 0, 
   "in_standard_filter": 0, 
   "label": "Default Amount", 
   "length": 0, 
   "no_copy": 0, 
   "options": "Company:company:default_currency", 
   "permlevel": 0, 
   "precision": "", 
   "print_hide": 1, 
   "print_hide_if_no_value": 0, 
   "read_only": 0, 
   "remember_last_selected_value": 0, 
   "report_hide": 0, 
   "reqd": 0, 
   "search_index": 0, 
   "set_only_once": 0, 
   "translatable": 0, 
   "unique": 0
  }, 
  {
   "allow_bulk_edit": 0, 
   "allow_in_quick_entry": 0, 
   "allow_on_submit": 0, 
   "bold": 0, 
   "collapsible": 0, 
   "columns": 0, 
   "default": "", 
   "fetch_from": "", 
   "fetch_if_empty": 0, 
   "fieldname": "additional_amount", 
   "fieldtype": "Currency", 
   "hidden": 1, 
   "ignore_user_permissions": 0, 
   "ignore_xss_filter": 0, 
   "in_filter": 0, 
   "in_global_search": 0, 
   "in_list_view": 0, 
   "in_standard_filter": 0, 
   "label": "Additional Amount", 
   "length": 0, 
   "no_copy": 1, 
   "permlevel": 0, 
   "precision": "", 
   "print_hide": 1, 
   "print_hide_if_no_value": 0, 
   "read_only": 1, 
   "remember_last_selected_value": 0, 
   "report_hide": 0, 
   "reqd": 0, 
   "search_index": 0, 
   "set_only_once": 0, 
   "translatable": 0, 
   "unique": 0
  }, 
  {
   "allow_bulk_edit": 0, 
   "allow_in_quick_entry": 0, 
   "allow_on_submit": 0, 
   "bold": 0, 
   "collapsible": 0, 
   "columns": 0, 
   "depends_on": "eval:doc.parenttype=='Salary Slip' && doc.parentfield=='deductions' && doc.variable_based_on_taxable_salary == 1", 
   "fetch_if_empty": 0, 
   "fieldname": "tax_on_flexible_benefit", 
   "fieldtype": "Currency", 
   "hidden": 0, 
   "ignore_user_permissions": 0, 
   "ignore_xss_filter": 0, 
   "in_filter": 0, 
   "in_global_search": 0, 
   "in_list_view": 0, 
   "in_standard_filter": 0, 
   "label": "Tax on flexible benefit", 
   "length": 0, 
   "no_copy": 0, 
   "permlevel": 0, 
   "precision": "", 
   "print_hide": 0, 
   "print_hide_if_no_value": 0, 
   "read_only": 1, 
   "remember_last_selected_value": 0, 
   "report_hide": 0, 
   "reqd": 0, 
   "search_index": 0, 
   "set_only_once": 0, 
   "translatable": 0, 
   "unique": 0
  }, 
  {
   "allow_bulk_edit": 0, 
   "allow_in_quick_entry": 0, 
   "allow_on_submit": 0, 
   "bold": 0, 
   "collapsible": 0, 
   "columns": 0, 
   "depends_on": "eval:doc.parenttype=='Salary Slip' && doc.parentfield=='deductions' && doc.variable_based_on_taxable_salary == 1", 
   "fetch_if_empty": 0, 
   "fieldname": "tax_on_additional_salary", 
   "fieldtype": "Currency", 
   "hidden": 0, 
   "ignore_user_permissions": 0, 
   "ignore_xss_filter": 0, 
   "in_filter": 0, 
   "in_global_search": 0, 
   "in_list_view": 0, 
   "in_standard_filter": 0, 
   "label": "Tax on additional salary", 
   "length": 0, 
   "no_copy": 0, 
   "permlevel": 0, 
   "precision": "", 
   "print_hide": 0, 
   "print_hide_if_no_value": 0, 
   "read_only": 1, 
   "remember_last_selected_value": 0, 
   "report_hide": 0, 
   "reqd": 0, 
   "search_index": 0, 
   "set_only_once": 0, 
   "translatable": 0, 
   "unique": 0
  }, 
  {
   "allow_bulk_edit": 0, 
   "allow_in_quick_entry": 0, 
   "allow_on_submit": 0, 
   "bold": 0, 
   "collapsible": 0, 
   "columns": 0, 
   "depends_on": "eval:doc.parenttype=='Salary Structure'", 
   "fetch_if_empty": 0, 
   "fieldname": "section_break_11", 
   "fieldtype": "Column Break", 
   "hidden": 0, 
   "ignore_user_permissions": 0, 
   "ignore_xss_filter": 0, 
   "in_filter": 0, 
   "in_global_search": 0, 
   "in_list_view": 0, 
   "in_standard_filter": 0, 
   "length": 0, 
   "no_copy": 0, 
   "permlevel": 0, 
   "precision": "", 
   "print_hide": 0, 
   "print_hide_if_no_value": 0, 
   "read_only": 0, 
   "remember_last_selected_value": 0, 
   "report_hide": 0, 
   "reqd": 0, 
   "search_index": 0, 
   "set_only_once": 0, 
   "translatable": 0, 
   "unique": 0
  }, 
  {
   "allow_bulk_edit": 0, 
   "allow_in_quick_entry": 0, 
   "allow_on_submit": 0, 
   "bold": 0, 
   "collapsible": 0, 
   "columns": 0, 
   "depends_on": "eval:doc.parenttype=='Salary Structure'", 
   "fetch_if_empty": 0, 
   "fieldname": "condition_and_formula_help", 
   "fieldtype": "HTML", 
   "hidden": 0, 
   "ignore_user_permissions": 0, 
   "ignore_xss_filter": 0, 
   "in_filter": 0, 
   "in_global_search": 0, 
   "in_list_view": 0, 
   "in_standard_filter": 0, 
   "label": "Condition and Formula Help", 
   "length": 0, 
   "no_copy": 0, 
   "options": "<h3>Condition and Formula Help</h3>\n\n<p>Notes:</p>\n\n<ol>\n<li>Use field <code>base</code> for using base salary of the Employee</li>\n<li>Use Salary Component abbreviations in conditions and formulas. <code>BS = Basic Salary</code></li>\n<li>Use field name for employee details in conditions and formulas. <code>Employment Type = employment_type</code><code>Branch = branch</code></li>\n<li>Use field name from Salary Slip in conditions and formulas. <code>Payment Days = payment_days</code><code>Leave without pay = leave_without_pay</code></li>\n<li>Direct Amount can also be entered based on Condtion. See example 3</li></ol>\n\n<h4>Examples</h4>\n<ol>\n<li>Calculating Basic Salary based on <code>base</code>\n<pre><code>Condition: base &lt; 10000</code></pre>\n<pre><code>Formula: base * .2</code></pre></li>\n<li>Calculating HRA based on Basic Salary<code>BS</code> \n<pre><code>Condition: BS &gt; 2000</code></pre>\n<pre><code>Formula: BS * .1</code></pre></li>\n<li>Calculating TDS based on Employment Type<code>employment_type</code> \n<pre><code>Condition: employment_type==\"Intern\"</code></pre>\n<pre><code>Amount: 1000</code></pre></li>\n</ol>", 
   "permlevel": 0, 
   "precision": "", 
   "print_hide": 0, 
   "print_hide_if_no_value": 0, 
   "read_only": 0, 
   "remember_last_selected_value": 0, 
   "report_hide": 0, 
   "reqd": 0, 
   "search_index": 0, 
   "set_only_once": 0, 
   "translatable": 0, 
   "unique": 0
  }
 ], 
 "has_web_view": 0, 
 "hide_heading": 0, 
 "hide_toolbar": 0, 
 "idx": 0, 
 "image_view": 0, 
 "in_create": 0, 
 "is_submittable": 0, 
 "issingle": 0, 
 "istable": 1, 
 "max_attachments": 0, 
 "modified": "2019-05-11 17:33:08.508653", 
 "modified_by": "Administrator", 
 "module": "HR", 
 "name": "Salary Detail", 
 "name_case": "", 
 "owner": "Administrator", 
 "permissions": [], 
 "quick_entry": 1, 
 "read_only": 0, 
 "read_only_onload": 0, 
 "show_name_in_global_search": 0, 
 "sort_field": "modified", 
 "sort_order": "DESC", 
 "track_changes": 0, 
 "track_seen": 0, 
 "track_views": 0
}