{
 "allow_copy": 0,
 "allow_events_in_timeline": 0,
 "allow_guest_to_view": 0,
 "allow_import": 0,
 "allow_rename": 0,
 "beta": 0,
 "creation": "2013-02-22 01:27:46",
 "custom": 0,
 "docstatus": 0,
 "doctype": "DocType",
 "editable_grid": 1,
 "fields": [
  {
   "allow_bulk_edit": 0,
   "allow_in_quick_entry": 0,
   "allow_on_submit": 0,
   "bold": 0,
   "collapsible": 0,
   "columns": 0,
   "fieldname": "expense_date",
   "fieldtype": "Date",
   "hidden": 0,
   "ignore_user_permissions": 0,
   "ignore_xss_filter": 0,
   "in_filter": 0,
   "in_global_search": 0,
   "in_list_view": 1,
   "in_standard_filter": 0,
   "label": "Expense Date",
   "length": 0,
   "no_copy": 0,
   "oldfieldname": "expense_date",
   "oldfieldtype": "Date",
   "permlevel": 0,
   "print_hide": 0,
   "print_hide_if_no_value": 0,
   "print_width": "150px",
   "read_only": 0,
   "remember_last_selected_value": 0,
   "report_hide": 0,
   "reqd": 0,
   "search_index": 0,
   "set_only_once": 0,
   "translatable": 0,
   "unique": 0,
   "width": "150px"
  },
  {
   "allow_bulk_edit": 0,
   "allow_in_quick_entry": 0,
   "allow_on_submit": 0,
   "bold": 0,
   "collapsible": 0,
   "columns": 0,
   "fieldname": "column_break_2",
   "fieldtype": "Column Break",
   "hidden": 0,
   "ignore_user_permissions": 0,
   "ignore_xss_filter": 0,
   "in_filter": 0,
   "in_global_search": 0,
   "in_list_view": 0,
   "in_standard_filter": 0,
   "length": 0,
   "no_copy": 0,
   "permlevel": 0,
   "precision": "",
   "print_hide": 0,
   "print_hide_if_no_value": 0,
   "read_only": 0,
   "remember_last_selected_value": 0,
   "report_hide": 0,
   "reqd": 0,
   "search_index": 0,
   "set_only_once": 0,
   "translatable": 0,
   "unique": 0
  },
  {
   "allow_bulk_edit": 0,
   "allow_in_quick_entry": 0,
   "allow_on_submit": 0,
   "bold": 0,
   "collapsible": 0,
   "columns": 0,
   "fieldname": "expense_type",
   "fieldtype": "Link",
   "hidden": 0,
   "ignore_user_permissions": 0,
   "ignore_xss_filter": 0,
   "in_filter": 0,
   "in_global_search": 0,
   "in_list_view": 1,
   "in_standard_filter": 0,
   "label": "Expense Claim Type",
   "length": 0,
   "no_copy": 0,
   "oldfieldname": "expense_type",
   "oldfieldtype": "Link",
   "options": "Expense Claim Type",
   "permlevel": 0,
   "print_hide": 0,
   "print_hide_if_no_value": 0,
   "print_width": "150px",
   "read_only": 0,
   "remember_last_selected_value": 0,
   "report_hide": 0,
   "reqd": 1,
   "search_index": 0,
   "set_only_once": 0,
   "translatable": 0,
   "unique": 0,
   "width": "150px"
  },
  {
   "allow_bulk_edit": 0,
   "allow_in_quick_entry": 0,
   "allow_on_submit": 0,
   "bold": 0,
   "collapsible": 0,
   "columns": 0,
   "depends_on": "expense_type",
   "fieldname": "default_account",
   "fieldtype": "Link",
   "hidden": 1,
   "ignore_user_permissions": 0,
   "ignore_xss_filter": 0,
   "in_filter": 0,
   "in_global_search": 0,
   "in_list_view": 0,
   "in_standard_filter": 0,
   "label": "Default Account",
   "length": 0,
   "no_copy": 0,
   "options": "Account",
   "permlevel": 0,
   "precision": "",
   "print_hide": 0,
   "print_hide_if_no_value": 0,
   "read_only": 1,
   "remember_last_selected_value": 0,
   "report_hide": 0,
   "reqd": 0,
   "search_index": 0,
   "set_only_once": 0,
   "translatable": 0,
   "unique": 0
  },
  {
   "allow_bulk_edit": 0,
   "allow_in_quick_entry": 0,
   "allow_on_submit": 0,
   "bold": 0,
   "collapsible": 0,
   "columns": 0,
   "fieldname": "section_break_4",
   "fieldtype": "Section Break",
   "hidden": 0,
   "ignore_user_permissions": 0,
   "ignore_xss_filter": 0,
   "in_filter": 0,
   "in_global_search": 0,
   "in_list_view": 0,
   "in_standard_filter": 0,
   "length": 0,
   "no_copy": 0,
   "permlevel": 0,
   "precision": "",
   "print_hide": 0,
   "print_hide_if_no_value": 0,
   "read_only": 0,
   "remember_last_selected_value": 0,
   "report_hide": 0,
   "reqd": 0,
   "search_index": 0,
   "set_only_once": 0,
   "translatable": 0,
   "unique": 0
  },
  {
   "allow_bulk_edit": 0,
   "allow_in_quick_entry": 0,
   "allow_on_submit": 0,
   "bold": 0,
   "collapsible": 0,
   "columns": 0,
   "fetch_from": "",
   "fieldname": "description",
   "fieldtype": "Text Editor",
   "hidden": 0,
   "ignore_user_permissions": 0,
   "ignore_xss_filter": 0,
   "in_filter": 0,
   "in_global_search": 0,
   "in_list_view": 1,
   "in_standard_filter": 0,
   "label": "Description",
   "length": 0,
   "no_copy": 0,
   "oldfieldname": "description",
   "oldfieldtype": "Small Text",
   "options": "",
   "permlevel": 0,
   "print_hide": 0,
   "print_hide_if_no_value": 0,
   "print_width": "300px",
   "read_only": 0,
   "remember_last_selected_value": 0,
   "report_hide": 0,
   "reqd": 0,
   "search_index": 0,
   "set_only_once": 0,
   "translatable": 0,
   "unique": 0,
   "width": "300px"
  },
  {
   "allow_bulk_edit": 0,
   "allow_in_quick_entry": 0,
   "allow_on_submit": 0,
   "bold": 0,
   "collapsible": 0,
   "columns": 0,
   "fieldname": "section_break_6",
   "fieldtype": "Section Break",
   "hidden": 0,
   "ignore_user_permissions": 0,
   "ignore_xss_filter": 0,
   "in_filter": 0,
   "in_global_search": 0,
   "in_list_view": 0,
   "in_standard_filter": 0,
   "length": 0,
   "no_copy": 0,
   "permlevel": 0,
   "precision": "",
   "print_hide": 0,
   "print_hide_if_no_value": 0,
   "read_only": 0,
   "remember_last_selected_value": 0,
   "report_hide": 0,
   "reqd": 0,
   "search_index": 0,
   "set_only_once": 0,
   "translatable": 0,
   "unique": 0
  },
  {
   "allow_bulk_edit": 0,
   "allow_in_quick_entry": 0,
   "allow_on_submit": 0,
   "bold": 0,
   "collapsible": 0,
   "columns": 0,
   "fieldname": "amount",
   "fieldtype": "Currency",
   "hidden": 0,
   "ignore_user_permissions": 0,
   "ignore_xss_filter": 0,
   "in_filter": 0,
   "in_global_search": 0,
   "in_list_view": 1,
   "in_standard_filter": 0,
   "label": "Amount",
   "length": 0,
   "no_copy": 0,
   "oldfieldname": "claim_amount",
   "oldfieldtype": "Currency",
   "options": "Company:company:default_currency",
   "permlevel": 0,
   "print_hide": 0,
   "print_hide_if_no_value": 0,
   "print_width": "150px",
   "read_only": 0,
   "remember_last_selected_value": 0,
   "report_hide": 0,
   "reqd": 1,
   "search_index": 0,
   "set_only_once": 0,
   "translatable": 0,
   "unique": 0,
   "width": "150px"
  },
  {
   "allow_bulk_edit": 0,
   "allow_in_quick_entry": 0,
   "allow_on_submit": 0,
   "bold": 0,
   "collapsible": 0,
   "columns": 0,
   "fieldname": "column_break_8",
   "fieldtype": "Column Break",
   "hidden": 0,
   "ignore_user_permissions": 0,
   "ignore_xss_filter": 0,
   "in_filter": 0,
   "in_global_search": 0,
   "in_list_view": 0,
   "in_standard_filter": 0,
   "length": 0,
   "no_copy": 0,
   "permlevel": 0,
   "precision": "",
   "print_hide": 0,
   "print_hide_if_no_value": 0,
   "read_only": 0,
   "remember_last_selected_value": 0,
   "report_hide": 0,
   "reqd": 0,
   "search_index": 0,
   "set_only_once": 0,
   "translatable": 0,
   "unique": 0
  },
  {
   "allow_bulk_edit": 0,
   "allow_in_quick_entry": 0,
   "allow_on_submit": 0,
   "bold": 0,
   "collapsible": 0,
   "columns": 0,
   "fieldname": "sanctioned_amount",
   "fieldtype": "Currency",
   "hidden": 0,
   "ignore_user_permissions": 0,
   "ignore_xss_filter": 0,
   "in_filter": 0,
   "in_global_search": 0,
   "in_list_view": 1,
   "in_standard_filter": 0,
   "label": "Sanctioned Amount",
   "length": 0,
   "no_copy": 1,
   "oldfieldname": "sanctioned_amount",
   "oldfieldtype": "Currency",
   "options": "Company:company:default_currency",
   "permlevel": 0,
   "print_hide": 0,
   "print_hide_if_no_value": 0,
   "print_width": "150px",
   "read_only": 0,
   "remember_last_selected_value": 0,
   "report_hide": 0,
   "reqd": 0,
   "search_index": 0,
   "set_only_once": 0,
   "translatable": 0,
   "unique": 0,
   "width": "150px"
  }
 ],
 "has_web_view": 0,
 "hide_heading": 0,
 "hide_toolbar": 0,
 "idx": 1,
 "image_view": 0,
 "in_create": 0,
 "is_submittable": 0,
 "issingle": 0,
 "istable": 1,
 "max_attachments": 0,
 "modified": "2019-06-10 08:41:36.122565",
 "modified_by": "Administrator",
 "module": "HR",
 "name": "Expense Claim Detail",
 "owner": "harshada@webnotestech.com",
 "permissions": [],
 "quick_entry": 0,
 "read_only": 0,
 "read_only_onload": 0,
 "show_name_in_global_search": 0,
 "sort_field": "modified",
 "sort_order": "DESC",
 "track_changes": 0,
 "track_seen": 0,
 "track_views": 0
}